Feature,Old,New,Match
AA,P,P,True
AAindCodonDiv_5A_avg,0.42100000000000004,-0.3435,False
AAindCodonDiv_5A_sum,0.42100000000000004,-1.374,False
AAindCodonDiv_global_avg,0.308019608,0.042583333333333334,False
AAindCodonDiv_global_sum,62.836000000000006,8.687000000000001,False
AAindCodonDiv_res,0.42100000000000004,-0.503,False
AAindElecCharge_5A_avg,-1.392,-0.76675,False
AAindElecCharge_5A_sum,-1.392,-3.0669999999999997,False
AAindElecCharge_global_avg,-0.14879902,0.05956862745098038,False
AAindElecCharge_global_sum,-30.355,12.151999999999996,False
AAindElecCharge_res,-1.392,-1.8530000000000002,False
AAindMolVol_5A_avg,-1.6280000000000001,-0.5777500000000001,False
AAindMolVol_5A_sum,-1.6280000000000001,-2.3110000000000004,False
AAindMolVol_global_avg,-0.24397058800000002,0.22196568627450994,False
AAindMolVol_global_sum,-49.77,45.28100000000003,False
AAindMolVol_res,-1.6280000000000001,-3.005,False
AAindPolarity_5A_avg,0.18899999999999997,0.01974999999999999,False
AAindPolarity_5A_sum,0.18899999999999997,0.07899999999999996,False
AAindPolarity_global_avg,0.046279412,0.07557352941176472,False
AAindPolarity_global_sum,9.441,15.417000000000005,False
AAindPolarity_res,0.18899999999999997,0.9309999999999999,False
AAindSS_5A_avg,2.081,-0.48700000000000004,False
AAindSS_5A_sum,2.081,-1.9480000000000002,False
AAindSS_global_avg,-0.083990196,-0.20025980392156867,False
AAindSS_global_sum,-17.134,-40.85300000000001,False
AAindSS_res,2.081,-0.179,False
Arg_5A_avg,0.0,0,True
Arg_5A_sum,0,0,True
Arg_global_avg,0.034313725,0,False
Arg_global_sum,7,7,True
Arg_res,0,0,True
CA_res,0,0,True
CO_res,0,0,True
CU_res,0,0,True
FE_res,0,0,True
K_res,0,0,True
Lys_5A_avg,0.0,0,True
Lys_5A_sum,0,0,True
Lys_global_avg,0.053921569,0,False
Lys_global_sum,11,11,True
Lys_res,0,0,True
MG_res,0,0,True
MN_res,0,0,True
MO_res,0,0,True
NA_res,0,0,True
NI_res,0,0,True
OHRxnConst_5A_avg,480000000.0,3852500000,False
OHRxnConst_5A_sum,480000000,15410000000,False
OHRxnConst_global_avg,2379406863.0,2379406862,False
OHRxnConst_global_sum,485000000000.0,485399000000,False
OHRxnConst_res,480000000,480000000,True
Position,16,16.A,False
Pro_5A_avg,0.0,0,True
Pro_5A_sum,1,1,True
Pro_global_avg,0.044117647,0,False
Pro_global_sum,9,9,True
Pro_res,1,1,True
SS_5A_avg,0.0,0,True
SS_5A_sum,0,0,True
SS_global_avg,0.75,0,False
SS_global_sum,153,153,True
SS_res,0,0,True
Thr_5A_avg,0.0,0,True
Thr_5A_sum,0,0,True
Thr_global_avg,0.039215686,0,False
Thr_global_sum,8,8,True
Thr_res,0,0,True
ZN_res,0,0,True
areaSAS_5A_avg,97.54268732,58.96542890067212,False
areaSAS_5A_sum,97.54268732,235.8617156026885,False
areaSAS_global_avg,48.19388903,48.29339646849993,False
areaSAS_global_sum,9831.553362,9851.852879573986,False
areaSAS_res,6.219987392,97.54268445819616,False
circularVariance_res,0.439984539,nan,False
contacts_5A_sum,0,4,False
depth_5A_avg,0.515615714,nan,False
depth_5A_sum,18.04655,nan,False
depth_global_avg,1.485897506,nan,False
depth_global_sum,4676.11945,nan,False
depth_res,0.70001,1.7,False
disordScore_5A_avg,0.03,nan,False
disordScore_5A_sum,0.03,nan,False
disordScore_global_avg,0.022352941,nan,False
disordScore_global_sum,4.56,nan,False
disordScore_res,0.03,nan,False
disord_5A_avg,0.0,nan,False
disord_5A_sum,0,nan,False
disord_global_avg,0.0,nan,False
disord_global_sum,0,nan,False
disord_res,0,nan,False
helix_5A_avg,0.0,0,True
helix_5A_sum,0,0,True
helix_global_avg,0.637254902,0,False
helix_global_sum,130,130,True
helix_res,0,0,True
hydro_5A_avg,-1.6,-1.125,False
hydro_5A_sum,-1.6,-4.5,False
hydro_global_avg,-0.46617647100000004,-0.4661764705882355,False
hydro_global_sum,-95.1,-95.10000000000004,False
hydro_res,-1.6,-1.6,True
negCharge_5A_avg,0.0,-1,False
negCharge_5A_sum,0,-1,False
negCharge_global_avg,-0.12254902,-1,False
negCharge_global_sum,-25,-25,True
netCharge_5A_avg,0.0,-1,False
netCharge_5A_sum,0,-1,False
netCharge_global_avg,-0.034313725,-1,False
netCharge_global_sum,-7,-7,True
netCharge_res,0,0,True
posCharge_5A_avg,0.0,0,True
posCharge_5A_sum,0,0,True
posCharge_global_avg,0.088235294,0,False
posCharge_global_sum,18,18,True
posCharge_res,0,0,True
protBindDISOPREDscore_5A_avg,0.0,nan,False
protBindDISOPREDscore_5A_sum,0.0,nan,False
protBindDISOPREDscore_global_avg,0.0,nan,False
protBindDISOPREDscore_global_sum,0.0,nan,False
protBindDISOPREDscore_res,0.0,nan,False
protBindSPPIDER_5A_avg,1.0,nan,False
protBindSPPIDER_5A_sum,1,nan,False
protBindSPPIDER_global_avg,0.142156863,nan,False
protBindSPPIDER_global_sum,29,nan,False
protBindSPPIDER_res,1,nan,False
reactivity_5A_avg,1.296184165,0.32404604125,False
reactivity_5A_sum,1.296184165,1.296184165,True
reactivity_global_avg,0.175055145,0.17505514489705876,False
reactivity_global_sum,35.71124956,35.71124955899999,False
reactivity_res,1.296184165,1.296184165,True
sheet_5A_avg,0.0,0,True
sheet_5A_sum,0,0,True
sheet_global_avg,0.112745098,0,False
sheet_global_sum,23,23,True
sheet_res,0,0,True
sumMetals_res,0,nan,False
surfC_5A_avg,0.0,nan,False
surfC_5A_sum,0,nan,False
surfC_global_avg,0.0,nan,False
surfC_global_sum,0,nan,False
surfMC_5A_avg,0.0,nan,False
surfMC_5A_sum,0,nan,False
surfMC_global_avg,0.004901961,nan,False
surfMC_global_sum,1,nan,False
surfM_5A_avg,0.0,nan,False
surfM_5A_sum,0,nan,False
surfM_global_avg,0.004901961,nan,False
surfM_global_sum,1,nan,False
Site by Structure,3kky_A.pdb_P16,3kky_A.pdb_P16,True
AA,P,P,True
AAindCodonDiv_5A_avg,0.42100000000000004,-0.3435,False
AAindCodonDiv_5A_sum,0.42100000000000004,-1.374,False
AAindCodonDiv_global_avg,0.308019608,0.042583333333333334,False
AAindCodonDiv_global_sum,62.836000000000006,8.687000000000001,False
AAindCodonDiv_res,0.42100000000000004,-0.503,False
AAindElecCharge_5A_avg,-1.392,-0.76675,False
AAindElecCharge_5A_sum,-1.392,-3.0669999999999997,False
AAindElecCharge_global_avg,-0.14879902,0.05956862745098038,False
AAindElecCharge_global_sum,-30.355,12.151999999999996,False
AAindElecCharge_res,-1.392,-1.8530000000000002,False
AAindMolVol_5A_avg,-1.6280000000000001,-0.5777500000000001,False
AAindMolVol_5A_sum,-1.6280000000000001,-2.3110000000000004,False
AAindMolVol_global_avg,-0.24397058800000002,0.22196568627450994,False
AAindMolVol_global_sum,-49.77,45.28100000000003,False
AAindMolVol_res,-1.6280000000000001,-3.005,False
AAindPolarity_5A_avg,0.18899999999999997,0.01974999999999999,False
AAindPolarity_5A_sum,0.18899999999999997,0.07899999999999996,False
AAindPolarity_global_avg,0.046279412,0.07557352941176472,False
AAindPolarity_global_sum,9.441,15.417000000000005,False
AAindPolarity_res,0.18899999999999997,0.9309999999999999,False
AAindSS_5A_avg,2.081,-0.48700000000000004,False
AAindSS_5A_sum,2.081,-1.9480000000000002,False
AAindSS_global_avg,-0.083990196,-0.20025980392156867,False
AAindSS_global_sum,-17.134,-40.85300000000001,False
AAindSS_res,2.081,-0.179,False
Arg_5A_avg,0.0,0,True
Arg_5A_sum,0,0,True
Arg_global_avg,0.034313725,0,False
Arg_global_sum,7,7,True
Arg_res,0,0,True
CA_res,0,0,True
CO_res,0,0,True
CU_res,0,0,True
FE_res,0,0,True
K_res,0,0,True
Lys_5A_avg,0.0,0,True
Lys_5A_sum,0,0,True
Lys_global_avg,0.053921569,0,False
Lys_global_sum,11,11,True
Lys_res,0,0,True
MG_res,0,0,True
MN_res,0,0,True
MO_res,0,0,True
NA_res,0,0,True
NI_res,0,0,True
OHRxnConst_5A_avg,480000000.0,3852500000,False
OHRxnConst_5A_sum,480000000,15410000000,False
OHRxnConst_global_avg,2379406863.0,2379406862,False
OHRxnConst_global_sum,485000000000.0,485399000000,False
OHRxnConst_res,480000000,480000000,True
Position,16,16.A,False
Pro_5A_avg,0.0,0,True
Pro_5A_sum,1,1,True
Pro_global_avg,0.044117647,0,False
Pro_global_sum,9,9,True
Pro_res,1,1,True
SS_5A_avg,0.0,0,True
SS_5A_sum,0,0,True
SS_global_avg,0.75,0,False
SS_global_sum,153,153,True
SS_res,0,0,True
Thr_5A_avg,0.0,0,True
Thr_5A_sum,0,0,True
Thr_global_avg,0.039215686,0,False
Thr_global_sum,8,8,True
Thr_res,0,0,True
ZN_res,0,0,True
areaSAS_5A_avg,97.54268732,58.96542890067212,False
areaSAS_5A_sum,97.54268732,235.8617156026885,False
areaSAS_global_avg,48.19388903,48.29339646849993,False
areaSAS_global_sum,9831.553362,9851.852879573986,False
areaSAS_res,6.219987392,97.54268445819616,False
circularVariance_res,0.439984539,nan,False
contacts_5A_sum,0,4,False
depth_5A_avg,0.515615714,nan,False
depth_5A_sum,18.04655,nan,False
depth_global_avg,1.485897506,nan,False
depth_global_sum,4676.11945,nan,False
depth_res,0.70001,1.7,False
disordScore_5A_avg,0.03,nan,False
disordScore_5A_sum,0.03,nan,False
disordScore_global_avg,0.022352941,nan,False
disordScore_global_sum,4.56,nan,False
disordScore_res,0.03,nan,False
disord_5A_avg,0.0,nan,False
disord_5A_sum,0,nan,False
disord_global_avg,0.0,nan,False
disord_global_sum,0,nan,False
disord_res,0,nan,False
helix_5A_avg,0.0,0,True
helix_5A_sum,0,0,True
helix_global_avg,0.637254902,0,False
helix_global_sum,130,130,True
helix_res,0,0,True
hydro_5A_avg,-1.6,-1.125,False
hydro_5A_sum,-1.6,-4.5,False
hydro_global_avg,-0.46617647100000004,-0.4661764705882355,False
hydro_global_sum,-95.1,-95.10000000000004,False
hydro_res,-1.6,-1.6,True
negCharge_5A_avg,0.0,-1,False
negCharge_5A_sum,0,-1,False
negCharge_global_avg,-0.12254902,-1,False
negCharge_global_sum,-25,-25,True
netCharge_5A_avg,0.0,-1,False
netCharge_5A_sum,0,-1,False
netCharge_global_avg,-0.034313725,-1,False
netCharge_global_sum,-7,-7,True
netCharge_res,0,0,True
posCharge_5A_avg,0.0,0,True
posCharge_5A_sum,0,0,True
posCharge_global_avg,0.088235294,0,False
posCharge_global_sum,18,18,True
posCharge_res,0,0,True
protBindDISOPREDscore_5A_avg,0.0,nan,False
protBindDISOPREDscore_5A_sum,0.0,nan,False
protBindDISOPREDscore_global_avg,0.0,nan,False
protBindDISOPREDscore_global_sum,0.0,nan,False
protBindDISOPREDscore_res,0.0,nan,False
protBindSPPIDER_5A_avg,1.0,nan,False
protBindSPPIDER_5A_sum,1,nan,False
protBindSPPIDER_global_avg,0.142156863,nan,False
protBindSPPIDER_global_sum,29,nan,False
protBindSPPIDER_res,1,nan,False
reactivity_5A_avg,1.296184165,0.32404604125,False
reactivity_5A_sum,1.296184165,1.296184165,True
reactivity_global_avg,0.175055145,0.17505514489705876,False
reactivity_global_sum,35.71124956,35.71124955899999,False
reactivity_res,1.296184165,1.296184165,True
sheet_5A_avg,0.0,0,True
sheet_5A_sum,0,0,True
sheet_global_avg,0.112745098,0,False
sheet_global_sum,23,23,True
sheet_res,0,0,True
sumMetals_res,0,nan,False
surfC_5A_avg,0.0,nan,False
surfC_5A_sum,0,nan,False
surfC_global_avg,0.0,nan,False
surfC_global_sum,0,nan,False
surfMC_5A_avg,0.0,nan,False
surfMC_5A_sum,0,nan,False
surfMC_global_avg,0.004901961,nan,False
surfMC_global_sum,1,nan,False
surfM_5A_avg,0.0,nan,False
surfM_5A_sum,0,nan,False
surfM_global_avg,0.004901961,nan,False
surfM_global_sum,1,nan,False
Site by Structure,3kky_A.pdb_P16,3kky_A.pdb_P16,True
AA,P,P,True
AAindCodonDiv_5A_avg,0.148166667,0.055400000000000005,False
AAindCodonDiv_5A_sum,0.889,0.5539999999999999,False
AAindCodonDiv_global_avg,0.308019608,0.042583333333333334,False
AAindCodonDiv_global_sum,62.836000000000006,8.687000000000001,False
AAindCodonDiv_res,0.42100000000000004,-0.503,False
AAindElecCharge_5A_avg,-0.4015,0.3179,False
AAindElecCharge_5A_sum,-2.4090000000000003,3.179,False
AAindElecCharge_global_avg,-0.14879902,0.05956862745098038,False
AAindElecCharge_global_sum,-30.355,12.151999999999996,False
AAindElecCharge_res,-1.392,-1.8530000000000002,False
AAindMolVol_5A_avg,-0.801666667,0.7821999999999999,False
AAindMolVol_5A_sum,-4.81,7.821999999999999,False
AAindMolVol_global_avg,-0.24397058800000002,0.22196568627450994,False
AAindMolVol_global_sum,-49.77,45.28100000000003,False
AAindMolVol_res,-1.6280000000000001,-3.005,False
AAindPolarity_5A_avg,-0.2545,-0.3686,False
AAindPolarity_5A_sum,-1.527,-3.6860000000000004,False
AAindPolarity_global_avg,0.046279412,0.07557352941176472,False
AAindPolarity_global_sum,9.441,15.417000000000005,False
AAindPolarity_res,0.18899999999999997,0.9309999999999999,False
AAindSS_5A_avg,0.051166667,-0.1262,False
AAindSS_5A_sum,0.307,-1.262,False
AAindSS_global_avg,-0.083990196,-0.20025980392156867,False
AAindSS_global_sum,-17.134,-40.85300000000001,False
AAindSS_res,2.081,-0.179,False
Arg_5A_avg,0.0,0,True
Arg_5A_sum,0,0,True
Arg_global_avg,0.034313725,0,False
Arg_global_sum,7,7,True
Arg_res,0,0,True
CA_res,0,0,True
CO_res,0,0,True
CU_res,0,0,True
FE_res,0,0,True
K_res,0,0,True
Lys_5A_avg,0.0,0,True
Lys_5A_sum,0,0,True
Lys_global_avg,0.053921569,0,False
Lys_global_sum,11,11,True
Lys_res,0,0,True
MG_res,0,0,True
MN_res,0,0,True
MO_res,0,0,True
NA_res,0,0,True
NI_res,0,0,True
OHRxnConst_5A_avg,4908333333.0,5631000000,False
OHRxnConst_5A_sum,29450000000,56310000000,False
OHRxnConst_global_avg,2379406863.0,2379406862,False
OHRxnConst_global_sum,485000000000.0,485399000000,False
OHRxnConst_res,480000000,480000000,True
Position,5,5.A,False
Pro_5A_avg,0.2,0,False
Pro_5A_sum,1,1,True
Pro_global_avg,0.044117647,0,False
Pro_global_sum,9,9,True
Pro_res,1,1,True
SS_5A_avg,0.5,0,False
SS_5A_sum,3,6,False
SS_global_avg,0.75,0,False
SS_global_sum,153,153,True
SS_res,0,0,True
Thr_5A_avg,0.0,0,True
Thr_5A_sum,0,1,False
Thr_global_avg,0.039215686,0,False
Thr_global_sum,8,8,True
Thr_res,0,0,True
ZN_res,0,0,True
areaSAS_5A_avg,31.55127128,39.08052747864277,False
areaSAS_5A_sum,189.30762769999998,390.8052747864276,False
areaSAS_global_avg,48.19388903,48.29339646849993,False
areaSAS_global_sum,9831.553362,9851.852879573986,False
areaSAS_res,0.0,41.85565260052682,False
circularVariance_res,0.456894368,nan,False
contacts_5A_sum,5,10,False
depth_5A_avg,1.134914,nan,False
depth_5A_sum,56.7457,nan,False
depth_global_avg,1.485897506,nan,False
depth_global_sum,4676.11945,nan,False
depth_res,0.8294100000000001,1.8294,False
disordScore_5A_avg,0.013333333000000001,nan,False
disordScore_5A_sum,0.08,nan,False
disordScore_global_avg,0.022352941,nan,False
disordScore_global_sum,4.56,nan,False
disordScore_res,0.01,nan,False
disord_5A_avg,0.0,nan,False
disord_5A_sum,0,nan,False
disord_global_avg,0.0,nan,False
disord_global_sum,0,nan,False
disord_res,0,nan,False
helix_5A_avg,0.5,0,False
helix_5A_sum,3,6,False
helix_global_avg,0.637254902,0,False
helix_global_sum,130,130,True
helix_res,0,0,True
hydro_5A_avg,-0.11666666699999999,-0.91,False
hydro_5A_sum,-0.7,-9.1,False
hydro_global_avg,-0.46617647100000004,-0.4661764705882355,False
hydro_global_sum,-95.1,-95.10000000000004,False
hydro_res,-1.6,-1.6,True
negCharge_5A_avg,0.0,0,True
negCharge_5A_sum,0,0,True
negCharge_global_avg,-0.12254902,-1,False
negCharge_global_sum,-25,-25,True
netCharge_5A_avg,0.0,0,True
netCharge_5A_sum,0,0,True
netCharge_global_avg,-0.034313725,-1,False
netCharge_global_sum,-7,-7,True
netCharge_res,0,0,True
posCharge_5A_avg,0.0,0,True
posCharge_5A_sum,0,0,True
posCharge_global_avg,0.088235294,0,False
posCharge_global_sum,18,18,True
posCharge_res,0,0,True
protBindDISOPREDscore_5A_avg,0.0,nan,False
protBindDISOPREDscore_5A_sum,0.0,nan,False
protBindDISOPREDscore_global_avg,0.0,nan,False
protBindDISOPREDscore_global_sum,0.0,nan,False
protBindDISOPREDscore_res,0.0,nan,False
protBindSPPIDER_5A_avg,0.333333333,nan,False
protBindSPPIDER_5A_sum,2,nan,False
protBindSPPIDER_global_avg,0.142156863,nan,False
protBindSPPIDER_global_sum,29,nan,False
protBindSPPIDER_res,1,nan,False
reactivity_5A_avg,0.354392689,0.2126356134,False
reactivity_5A_sum,2.126356134,2.126356134,True
reactivity_global_avg,0.175055145,0.17505514489705876,False
reactivity_global_sum,35.71124956,35.71124955899999,False
reactivity_res,1.296184165,1.296184165,True
sheet_5A_avg,0.0,0,True
sheet_5A_sum,0,0,True
sheet_global_avg,0.112745098,0,False
sheet_global_sum,23,23,True
sheet_res,0,0,True
sumMetals_res,0,nan,False
surfC_5A_avg,0.0,nan,False
surfC_5A_sum,0,nan,False
surfC_global_avg,0.0,nan,False
surfC_global_sum,0,nan,False
surfMC_5A_avg,0.0,nan,False
surfMC_5A_sum,0,nan,False
surfMC_global_avg,0.004901961,nan,False
surfMC_global_sum,1,nan,False
surfM_5A_avg,0.0,nan,False
surfM_5A_sum,0,nan,False
surfM_global_avg,0.004901961,nan,False
surfM_global_sum,1,nan,False
Site by Structure,3kky_A.pdb_P5,3kky_A.pdb_P5,True
AA,P,P,True
AAindCodonDiv_5A_avg,0.148166667,0.055400000000000005,False
AAindCodonDiv_5A_sum,0.889,0.5539999999999999,False
AAindCodonDiv_global_avg,0.308019608,0.042583333333333334,False
AAindCodonDiv_global_sum,62.836000000000006,8.687000000000001,False
AAindCodonDiv_res,0.42100000000000004,-0.503,False
AAindElecCharge_5A_avg,-0.4015,0.3179,False
AAindElecCharge_5A_sum,-2.4090000000000003,3.179,False
AAindElecCharge_global_avg,-0.14879902,0.05956862745098038,False
AAindElecCharge_global_sum,-30.355,12.151999999999996,False
AAindElecCharge_res,-1.392,-1.8530000000000002,False
AAindMolVol_5A_avg,-0.801666667,0.7821999999999999,False
AAindMolVol_5A_sum,-4.81,7.821999999999999,False
AAindMolVol_global_avg,-0.24397058800000002,0.22196568627450994,False
AAindMolVol_global_sum,-49.77,45.28100000000003,False
AAindMolVol_res,-1.6280000000000001,-3.005,False
AAindPolarity_5A_avg,-0.2545,-0.3686,False
AAindPolarity_5A_sum,-1.527,-3.6860000000000004,False
AAindPolarity_global_avg,0.046279412,0.07557352941176472,False
AAindPolarity_global_sum,9.441,15.417000000000005,False
AAindPolarity_res,0.18899999999999997,0.9309999999999999,False
AAindSS_5A_avg,0.051166667,-0.1262,False
AAindSS_5A_sum,0.307,-1.262,False
AAindSS_global_avg,-0.083990196,-0.20025980392156867,False
AAindSS_global_sum,-17.134,-40.85300000000001,False
AAindSS_res,2.081,-0.179,False
Arg_5A_avg,0.0,0,True
Arg_5A_sum,0,0,True
Arg_global_avg,0.034313725,0,False
Arg_global_sum,7,7,True
Arg_res,0,0,True
CA_res,0,0,True
CO_res,0,0,True
CU_res,0,0,True
FE_res,0,0,True
K_res,0,0,True
Lys_5A_avg,0.0,0,True
Lys_5A_sum,0,0,True
Lys_global_avg,0.053921569,0,False
Lys_global_sum,11,11,True
Lys_res,0,0,True
MG_res,0,0,True
MN_res,0,0,True
MO_res,0,0,True
NA_res,0,0,True
NI_res,0,0,True
OHRxnConst_5A_avg,4908333333.0,5631000000,False
OHRxnConst_5A_sum,29450000000,56310000000,False
OHRxnConst_global_avg,2379406863.0,2379406862,False
OHRxnConst_global_sum,485000000000.0,485399000000,False
OHRxnConst_res,480000000,480000000,True
Position,5,5.A,False
Pro_5A_avg,0.2,0,False
Pro_5A_sum,1,1,True
Pro_global_avg,0.044117647,0,False
Pro_global_sum,9,9,True
Pro_res,1,1,True
SS_5A_avg,0.5,0,False
SS_5A_sum,3,6,False
SS_global_avg,0.75,0,False
SS_global_sum,153,153,True
SS_res,0,0,True
Thr_5A_avg,0.0,0,True
Thr_5A_sum,0,1,False
Thr_global_avg,0.039215686,0,False
Thr_global_sum,8,8,True
Thr_res,0,0,True
ZN_res,0,0,True
areaSAS_5A_avg,31.55127128,39.08052747864277,False
areaSAS_5A_sum,189.30762769999998,390.8052747864276,False
areaSAS_global_avg,48.19388903,48.29339646849993,False
areaSAS_global_sum,9831.553362,9851.852879573986,False
areaSAS_res,0.0,41.85565260052682,False
circularVariance_res,0.456894368,nan,False
contacts_5A_sum,5,10,False
depth_5A_avg,1.134914,nan,False
depth_5A_sum,56.7457,nan,False
depth_global_avg,1.485897506,nan,False
depth_global_sum,4676.11945,nan,False
depth_res,0.8294100000000001,1.8294,False
disordScore_5A_avg,0.013333333000000001,nan,False
disordScore_5A_sum,0.08,nan,False
disordScore_global_avg,0.022352941,nan,False
disordScore_global_sum,4.56,nan,False
disordScore_res,0.01,nan,False
disord_5A_avg,0.0,nan,False
disord_5A_sum,0,nan,False
disord_global_avg,0.0,nan,False
disord_global_sum,0,nan,False
disord_res,0,nan,False
helix_5A_avg,0.5,0,False
helix_5A_sum,3,6,False
helix_global_avg,0.637254902,0,False
helix_global_sum,130,130,True
helix_res,0,0,True
hydro_5A_avg,-0.11666666699999999,-0.91,False
hydro_5A_sum,-0.7,-9.1,False
hydro_global_avg,-0.46617647100000004,-0.4661764705882355,False
hydro_global_sum,-95.1,-95.10000000000004,False
hydro_res,-1.6,-1.6,True
negCharge_5A_avg,0.0,0,True
negCharge_5A_sum,0,0,True
negCharge_global_avg,-0.12254902,-1,False
negCharge_global_sum,-25,-25,True
netCharge_5A_avg,0.0,0,True
netCharge_5A_sum,0,0,True
netCharge_global_avg,-0.034313725,-1,False
netCharge_global_sum,-7,-7,True
netCharge_res,0,0,True
posCharge_5A_avg,0.0,0,True
posCharge_5A_sum,0,0,True
posCharge_global_avg,0.088235294,0,False
posCharge_global_sum,18,18,True
posCharge_res,0,0,True
protBindDISOPREDscore_5A_avg,0.0,nan,False
protBindDISOPREDscore_5A_sum,0.0,nan,False
protBindDISOPREDscore_global_avg,0.0,nan,False
protBindDISOPREDscore_global_sum,0.0,nan,False
protBindDISOPREDscore_res,0.0,nan,False
protBindSPPIDER_5A_avg,0.333333333,nan,False
protBindSPPIDER_5A_sum,2,nan,False
protBindSPPIDER_global_avg,0.142156863,nan,False
protBindSPPIDER_global_sum,29,nan,False
protBindSPPIDER_res,1,nan,False
reactivity_5A_avg,0.354392689,0.2126356134,False
reactivity_5A_sum,2.126356134,2.126356134,True
reactivity_global_avg,0.175055145,0.17505514489705876,False
reactivity_global_sum,35.71124956,35.71124955899999,False
reactivity_res,1.296184165,1.296184165,True
sheet_5A_avg,0.0,0,True
sheet_5A_sum,0,0,True
sheet_global_avg,0.112745098,0,False
sheet_global_sum,23,23,True
sheet_res,0,0,True
sumMetals_res,0,nan,False
surfC_5A_avg,0.0,nan,False
surfC_5A_sum,0,nan,False
surfC_global_avg,0.0,nan,False
surfC_global_sum,0,nan,False
surfMC_5A_avg,0.0,nan,False
surfMC_5A_sum,0,nan,False
surfMC_global_avg,0.004901961,nan,False
surfMC_global_sum,1,nan,False
surfM_5A_avg,0.0,nan,False
surfM_5A_sum,0,nan,False
surfM_global_avg,0.004901961,nan,False
surfM_global_sum,1,nan,False
Site by Structure,3kky_A.pdb_P5,3kky_A.pdb_P5,True
AA,P,P,True
AAindCodonDiv_5A_avg,0.42100000000000004,-0.04366666666666665,False
AAindCodonDiv_5A_sum,0.42100000000000004,-0.2619999999999999,False
AAindCodonDiv_global_avg,0.308019608,0.042583333333333334,False
AAindCodonDiv_global_sum,62.836000000000006,8.687000000000001,False
AAindCodonDiv_res,0.42100000000000004,-0.503,False
AAindElecCharge_5A_avg,-1.392,-0.5291666666666665,False
AAindElecCharge_5A_sum,-1.392,-3.174999999999999,False
AAindElecCharge_global_avg,-0.14879902,0.05956862745098038,False
AAindElecCharge_global_sum,-30.355,12.151999999999996,False
AAindElecCharge_res,-1.392,-1.8530000000000002,False
AAindMolVol_5A_avg,-1.6280000000000001,-0.24816666666666665,False
AAindMolVol_5A_sum,-1.6280000000000001,-1.489,False
AAindMolVol_global_avg,-0.24397058800000002,0.22196568627450994,False
AAindMolVol_global_sum,-49.77,45.28100000000003,False
AAindMolVol_res,-1.6280000000000001,-3.005,False
AAindPolarity_5A_avg,0.18899999999999997,-0.0718333333333333,False
AAindPolarity_5A_sum,0.18899999999999997,-0.4309999999999998,False
AAindPolarity_global_avg,0.046279412,0.07557352941176472,False
AAindPolarity_global_sum,9.441,15.417000000000005,False
AAindPolarity_res,0.18899999999999997,0.9309999999999999,False
AAindSS_5A_avg,2.081,0.5016666666666666,False
AAindSS_5A_sum,2.081,3.01,False
AAindSS_global_avg,-0.083990196,-0.20025980392156867,False
AAindSS_global_sum,-17.134,-40.85300000000001,False
AAindSS_res,2.081,-0.179,False
Arg_5A_avg,0.0,0,True
Arg_5A_sum,0,0,True
Arg_global_avg,0.034313725,0,False
Arg_global_sum,7,7,True
Arg_res,0,0,True
CA_res,0,0,True
CO_res,0,0,True
CU_res,0,0,True
FE_res,0,0,True
K_res,0,0,True
Lys_5A_avg,0.0,0,True
Lys_5A_sum,0,0,True
Lys_global_avg,0.053921569,0,False
Lys_global_sum,11,11,True
Lys_res,0,0,True
MG_res,0,0,True
MN_res,0,0,True
MO_res,0,0,True
NA_res,0,0,True
NI_res,0,0,True
OHRxnConst_5A_avg,480000000.0,4876666666,False
OHRxnConst_5A_sum,480000000,29260000000,False
OHRxnConst_global_avg,2379406863.0,2379406862,False
OHRxnConst_global_sum,485000000000.0,485399000000,False
OHRxnConst_res,480000000,480000000,True
Position,8,8.A,False
Pro_5A_avg,0.0,0,True
Pro_5A_sum,1,1,True
Pro_global_avg,0.044117647,0,False
Pro_global_sum,9,9,True
Pro_res,1,1,True
SS_5A_avg,0.0,0,True
SS_5A_sum,0,2,False
SS_global_avg,0.75,0,False
SS_global_sum,153,153,True
SS_res,0,0,True
Thr_5A_avg,0.0,0,True
Thr_5A_sum,0,0,True
Thr_global_avg,0.039215686,0,False
Thr_global_sum,8,8,True
Thr_res,0,0,True
ZN_res,0,0,True
areaSAS_5A_avg,84.68367539,66.88483281608448,False
areaSAS_5A_sum,84.68367539,401.30899689650687,False
areaSAS_global_avg,48.19388903,48.29339646849993,False
areaSAS_global_sum,9831.553362,9851.852879573986,False
areaSAS_res,0.0,84.70526538044214,False
circularVariance_res,0.44691854,nan,False
contacts_5A_sum,0,6,False
depth_5A_avg,0.793973265,nan,False
depth_5A_sum,38.90469,nan,False
depth_global_avg,1.485897506,nan,False
depth_global_sum,4676.11945,nan,False
depth_res,0.86711,1.8671,False
disordScore_5A_avg,0.01,nan,False
disordScore_5A_sum,0.01,nan,False
disordScore_global_avg,0.022352941,nan,False
disordScore_global_sum,4.56,nan,False
disordScore_res,0.01,nan,False
disord_5A_avg,0.0,nan,False
disord_5A_sum,0,nan,False
disord_global_avg,0.0,nan,False
disord_global_sum,0,nan,False
disord_res,0,nan,False
helix_5A_avg,0.0,0,True
helix_5A_sum,0,2,False
helix_global_avg,0.637254902,0,False
helix_global_sum,130,130,True
helix_res,0,0,True
hydro_5A_avg,-1.6,-1.1666666666666667,False
hydro_5A_sum,-1.6,-7.000000000000001,False
hydro_global_avg,-0.46617647100000004,-0.4661764705882355,False
hydro_global_sum,-95.1,-95.10000000000004,False
hydro_res,-1.6,-1.6,True
negCharge_5A_avg,0.0,0,True
negCharge_5A_sum,0,0,True
negCharge_global_avg,-0.12254902,-1,False
negCharge_global_sum,-25,-25,True
netCharge_5A_avg,0.0,0,True
netCharge_5A_sum,0,0,True
netCharge_global_avg,-0.034313725,-1,False
netCharge_global_sum,-7,-7,True
netCharge_res,0,0,True
posCharge_5A_avg,0.0,0,True
posCharge_5A_sum,0,0,True
posCharge_global_avg,0.088235294,0,False
posCharge_global_sum,18,18,True
posCharge_res,0,0,True
protBindDISOPREDscore_5A_avg,0.0,nan,False
protBindDISOPREDscore_5A_sum,0.0,nan,False
protBindDISOPREDscore_global_avg,0.0,nan,False
protBindDISOPREDscore_global_sum,0.0,nan,False
protBindDISOPREDscore_res,0.0,nan,False
protBindSPPIDER_5A_avg,0.0,nan,False
protBindSPPIDER_5A_sum,0,nan,False
protBindSPPIDER_global_avg,0.142156863,nan,False
protBindSPPIDER_global_sum,29,nan,False
protBindSPPIDER_res,0,nan,False
reactivity_5A_avg,1.296184165,0.21603069416666668,False
reactivity_5A_sum,1.296184165,1.296184165,True
reactivity_global_avg,0.175055145,0.17505514489705876,False
reactivity_global_sum,35.71124956,35.71124955899999,False
reactivity_res,1.296184165,1.296184165,True
sheet_5A_avg,0.0,0,True
sheet_5A_sum,0,0,True
sheet_global_avg,0.112745098,0,False
sheet_global_sum,23,23,True
sheet_res,0,0,True
sumMetals_res,0,nan,False
surfC_5A_avg,0.0,nan,False
surfC_5A_sum,0,nan,False
surfC_global_avg,0.0,nan,False
surfC_global_sum,0,nan,False
surfMC_5A_avg,0.0,nan,False
surfMC_5A_sum,0,nan,False
surfMC_global_avg,0.004901961,nan,False
surfMC_global_sum,1,nan,False
surfM_5A_avg,0.0,nan,False
surfM_5A_sum,0,nan,False
surfM_global_avg,0.004901961,nan,False
surfM_global_sum,1,nan,False
Site by Structure,3kky_A.pdb_P8,3kky_A.pdb_P8,True
AA,P,P,True
AAindCodonDiv_5A_avg,0.42100000000000004,-0.04366666666666665,False
AAindCodonDiv_5A_sum,0.42100000000000004,-0.2619999999999999,False
AAindCodonDiv_global_avg,0.308019608,0.042583333333333334,False
AAindCodonDiv_global_sum,62.836000000000006,8.687000000000001,False
AAindCodonDiv_res,0.42100000000000004,-0.503,False
AAindElecCharge_5A_avg,-1.392,-0.5291666666666665,False
AAindElecCharge_5A_sum,-1.392,-3.174999999999999,False
AAindElecCharge_global_avg,-0.14879902,0.05956862745098038,False
AAindElecCharge_global_sum,-30.355,12.151999999999996,False
AAindElecCharge_res,-1.392,-1.8530000000000002,False
AAindMolVol_5A_avg,-1.6280000000000001,-0.24816666666666665,False
AAindMolVol_5A_sum,-1.6280000000000001,-1.489,False
AAindMolVol_global_avg,-0.24397058800000002,0.22196568627450994,False
AAindMolVol_global_sum,-49.77,45.28100000000003,False
AAindMolVol_res,-1.6280000000000001,-3.005,False
AAindPolarity_5A_avg,0.18899999999999997,-0.0718333333333333,False
AAindPolarity_5A_sum,0.18899999999999997,-0.4309999999999998,False
AAindPolarity_global_avg,0.046279412,0.07557352941176472,False
AAindPolarity_global_sum,9.441,15.417000000000005,False
AAindPolarity_res,0.18899999999999997,0.9309999999999999,False
AAindSS_5A_avg,2.081,0.5016666666666666,False
AAindSS_5A_sum,2.081,3.01,False
AAindSS_global_avg,-0.083990196,-0.20025980392156867,False
AAindSS_global_sum,-17.134,-40.85300000000001,False
AAindSS_res,2.081,-0.179,False
Arg_5A_avg,0.0,0,True
Arg_5A_sum,0,0,True
Arg_global_avg,0.034313725,0,False
Arg_global_sum,7,7,True
Arg_res,0,0,True
CA_res,0,0,True
CO_res,0,0,True
CU_res,0,0,True
FE_res,0,0,True
K_res,0,0,True
Lys_5A_avg,0.0,0,True
Lys_5A_sum,0,0,True
Lys_global_avg,0.053921569,0,False
Lys_global_sum,11,11,True
Lys_res,0,0,True
MG_res,0,0,True
MN_res,0,0,True
MO_res,0,0,True
NA_res,0,0,True
NI_res,0,0,True
OHRxnConst_5A_avg,480000000.0,4876666666,False
OHRxnConst_5A_sum,480000000,29260000000,False
OHRxnConst_global_avg,2379406863.0,2379406862,False
OHRxnConst_global_sum,485000000000.0,485399000000,False
OHRxnConst_res,480000000,480000000,True
Position,8,8.A,False
Pro_5A_avg,0.0,0,True
Pro_5A_sum,1,1,True
Pro_global_avg,0.044117647,0,False
Pro_global_sum,9,9,True
Pro_res,1,1,True
SS_5A_avg,0.0,0,True
SS_5A_sum,0,2,False
SS_global_avg,0.75,0,False
SS_global_sum,153,153,True
SS_res,0,0,True
Thr_5A_avg,0.0,0,True
Thr_5A_sum,0,0,True
Thr_global_avg,0.039215686,0,False
Thr_global_sum,8,8,True
Thr_res,0,0,True
ZN_res,0,0,True
areaSAS_5A_avg,84.68367539,66.88483281608448,False
areaSAS_5A_sum,84.68367539,401.30899689650687,False
areaSAS_global_avg,48.19388903,48.29339646849993,False
areaSAS_global_sum,9831.553362,9851.852879573986,False
areaSAS_res,0.0,84.70526538044214,False
circularVariance_res,0.44691854,nan,False
contacts_5A_sum,0,6,False
depth_5A_avg,0.793973265,nan,False
depth_5A_sum,38.90469,nan,False
depth_global_avg,1.485897506,nan,False
depth_global_sum,4676.11945,nan,False
depth_res,0.86711,1.8671,False
disordScore_5A_avg,0.01,nan,False
disordScore_5A_sum,0.01,nan,False
disordScore_global_avg,0.022352941,nan,False
disordScore_global_sum,4.56,nan,False
disordScore_res,0.01,nan,False
disord_5A_avg,0.0,nan,False
disord_5A_sum,0,nan,False
disord_global_avg,0.0,nan,False
disord_global_sum,0,nan,False
disord_res,0,nan,False
helix_5A_avg,0.0,0,True
helix_5A_sum,0,2,False
helix_global_avg,0.637254902,0,False
helix_global_sum,130,130,True
helix_res,0,0,True
hydro_5A_avg,-1.6,-1.1666666666666667,False
hydro_5A_sum,-1.6,-7.000000000000001,False
hydro_global_avg,-0.46617647100000004,-0.4661764705882355,False
hydro_global_sum,-95.1,-95.10000000000004,False
hydro_res,-1.6,-1.6,True
negCharge_5A_avg,0.0,0,True
negCharge_5A_sum,0,0,True
negCharge_global_avg,-0.12254902,-1,False
negCharge_global_sum,-25,-25,True
netCharge_5A_avg,0.0,0,True
netCharge_5A_sum,0,0,True
netCharge_global_avg,-0.034313725,-1,False
netCharge_global_sum,-7,-7,True
netCharge_res,0,0,True
posCharge_5A_avg,0.0,0,True
posCharge_5A_sum,0,0,True
posCharge_global_avg,0.088235294,0,False
posCharge_global_sum,18,18,True
posCharge_res,0,0,True
protBindDISOPREDscore_5A_avg,0.0,nan,False
protBindDISOPREDscore_5A_sum,0.0,nan,False
protBindDISOPREDscore_global_avg,0.0,nan,False
protBindDISOPREDscore_global_sum,0.0,nan,False
protBindDISOPREDscore_res,0.0,nan,False
protBindSPPIDER_5A_avg,0.0,nan,False
protBindSPPIDER_5A_sum,0,nan,False
protBindSPPIDER_global_avg,0.142156863,nan,False
protBindSPPIDER_global_sum,29,nan,False
protBindSPPIDER_res,0,nan,False
reactivity_5A_avg,1.296184165,0.21603069416666668,False
reactivity_5A_sum,1.296184165,1.296184165,True
reactivity_global_avg,0.175055145,0.17505514489705876,False
reactivity_global_sum,35.71124956,35.71124955899999,False
reactivity_res,1.296184165,1.296184165,True
sheet_5A_avg,0.0,0,True
sheet_5A_sum,0,0,True
sheet_global_avg,0.112745098,0,False
sheet_global_sum,23,23,True
sheet_res,0,0,True
sumMetals_res,0,nan,False
surfC_5A_avg,0.0,nan,False
surfC_5A_sum,0,nan,False
surfC_global_avg,0.0,nan,False
surfC_global_sum,0,nan,False
surfMC_5A_avg,0.0,nan,False
surfMC_5A_sum,0,nan,False
surfMC_global_avg,0.004901961,nan,False
surfMC_global_sum,1,nan,False
surfM_5A_avg,0.0,nan,False
surfM_5A_sum,0,nan,False
surfM_global_avg,0.004901961,nan,False
surfM_global_sum,1,nan,False
Site by Structure,3kky_A.pdb_P8,3kky_A.pdb_P8,True
AA,R,R,True
AAindCodonDiv_5A_avg,0.75175,-0.22524999999999995,False
AAindCodonDiv_5A_sum,3.0069999999999997,-0.9009999999999998,False
AAindCodonDiv_global_avg,0.308019608,0.042583333333333334,False
AAindCodonDiv_global_sum,62.836000000000006,8.687000000000001,False
AAindCodonDiv_res,0.44,0.67,False
AAindElecCharge_5A_avg,1.0285,-0.04999999999999999,False
AAindElecCharge_5A_sum,4.114,-0.2,False
AAindElecCharge_global_avg,-0.14879902,0.05956862745098038,False
AAindElecCharge_global_sum,-30.355,12.151999999999996,False
AAindElecCharge_res,2.897,-2.647,False
AAindMolVol_5A_avg,1.08525,-0.50025,False
AAindMolVol_5A_sum,4.341,-2.001,False
AAindMolVol_global_avg,-0.24397058800000002,0.22196568627450994,False
AAindMolVol_global_sum,-49.77,45.28100000000003,False
AAindMolVol_res,1.5019999999999998,-4.76,False
AAindPolarity_5A_avg,-0.188,-0.14675,False
AAindPolarity_5A_sum,-0.752,-0.5870000000000001,False
AAindPolarity_global_avg,0.046279412,0.07557352941176472,False
AAindPolarity_global_sum,9.441,15.417000000000005,False
AAindPolarity_res,1.538,-0.228,False
AAindSS_5A_avg,-0.31575,-0.053999999999999986,False
AAindSS_5A_sum,-1.263,-0.216,False
AAindSS_global_avg,-0.083990196,-0.20025980392156867,False
AAindSS_global_sum,-17.134,-40.85300000000001,False
AAindSS_res,-0.055,1.399,False
Arg_5A_avg,0.333333333,0,False
Arg_5A_sum,1,1,True
Arg_global_avg,0.034313725,0,False
Arg_global_sum,7,7,True
Arg_res,1,1,True
CA_res,0,0,True
CO_res,0,0,True
CU_res,0,0,True
FE_res,0,0,True
K_res,0,0,True
Lys_5A_avg,0.0,0,True
Lys_5A_sum,0,0,True
Lys_global_avg,0.053921569,0,False
Lys_global_sum,11,11,True
Lys_res,0,0,True
MG_res,0,0,True
MN_res,0,0,True
MO_res,0,0,True
NA_res,0,0,True
NI_res,0,0,True
OHRxnConst_5A_avg,1877500000.0,1877500000,True
OHRxnConst_5A_sum,7510000000,7510000000,True
OHRxnConst_global_avg,2379406863.0,2379406862,False
OHRxnConst_global_sum,485000000000.0,485399000000,False
OHRxnConst_res,3500000000,3500000000,True
Position,21,21.A,False
Pro_5A_avg,0.0,0,True
Pro_5A_sum,0,0,True
Pro_global_avg,0.044117647,0,False
Pro_global_sum,9,9,True
Pro_res,0,0,True
SS_5A_avg,1.0,1,True
SS_5A_sum,4,4,True
SS_global_avg,0.75,0,False
SS_global_sum,153,153,True
SS_res,1,1,True
Thr_5A_avg,0.0,0,True
Thr_5A_sum,0,1,False
Thr_global_avg,0.039215686,0,False
Thr_global_sum,8,8,True
Thr_res,0,0,True
ZN_res,0,0,True
areaSAS_5A_avg,79.63308118,79.62977607606446,False
areaSAS_5A_sum,318.5323247,318.51910430425784,False
areaSAS_global_avg,48.19388903,48.29339646849993,False
areaSAS_global_sum,9831.553362,9851.852879573986,False
areaSAS_res,3.60903573,170.88251745142045,False
circularVariance_res,0.8105927140000001,nan,False
contacts_5A_sum,3,4,False
depth_5A_avg,0.38224714299999996,nan,False
depth_5A_sum,13.37865,nan,False
depth_global_avg,1.485897506,nan,False
depth_global_sum,4676.11945,nan,False
depth_res,0.70001,1.7,False
disordScore_5A_avg,0.0175,nan,False
disordScore_5A_sum,0.07,nan,False
disordScore_global_avg,0.022352941,nan,False
disordScore_global_sum,4.56,nan,False
disordScore_res,0.02,nan,False
disord_5A_avg,0.0,nan,False
disord_5A_sum,0,nan,False
disord_global_avg,0.0,nan,False
disord_global_sum,0,nan,False
disord_res,0,nan,False
helix_5A_avg,1.0,1,True
helix_5A_sum,4,4,True
helix_global_avg,0.637254902,0,False
helix_global_sum,130,130,True
helix_res,1,1,True
hydro_5A_avg,0.775,0.7749999999999999,False
hydro_5A_sum,3.1,3.1,True
hydro_global_avg,-0.46617647100000004,-0.4661764705882355,False
hydro_global_sum,-95.1,-95.10000000000004,False
hydro_res,-4.5,-4.5,True
negCharge_5A_avg,0.0,0,True
negCharge_5A_sum,0,0,True
negCharge_global_avg,-0.12254902,-1,False
negCharge_global_sum,-25,-25,True
netCharge_5A_avg,0.25,0,False
netCharge_5A_sum,1,1,True
netCharge_global_avg,-0.034313725,-1,False
netCharge_global_sum,-7,-7,True
netCharge_res,1,1,True
posCharge_5A_avg,0.25,0,False
posCharge_5A_sum,1,1,True
posCharge_global_avg,0.088235294,0,False
posCharge_global_sum,18,18,True
posCharge_res,1,1,True
protBindDISOPREDscore_5A_avg,0.0,nan,False
protBindDISOPREDscore_5A_sum,0.0,nan,False
protBindDISOPREDscore_global_avg,0.0,nan,False
protBindDISOPREDscore_global_sum,0.0,nan,False
protBindDISOPREDscore_res,0.0,nan,False
protBindSPPIDER_5A_avg,0.75,nan,False
protBindSPPIDER_5A_sum,3,nan,False
protBindSPPIDER_global_avg,0.142156863,nan,False
protBindSPPIDER_global_sum,29,nan,False
protBindSPPIDER_res,1,nan,False
reactivity_5A_avg,0.43264622700000005,0.4326462265,False
reactivity_5A_sum,1.730584906,1.730584906,True
reactivity_global_avg,0.175055145,0.17505514489705876,False
reactivity_global_sum,35.71124956,35.71124955899999,False
reactivity_res,0.900412937,0.900412937,True
sheet_5A_avg,0.0,0,True
sheet_5A_sum,0,0,True
sheet_global_avg,0.112745098,0,False
sheet_global_sum,23,23,True
sheet_res,0,0,True
sumMetals_res,0,nan,False
surfC_5A_avg,0.0,nan,False
surfC_5A_sum,0,nan,False
surfC_global_avg,0.0,nan,False
surfC_global_sum,0,nan,False
surfMC_5A_avg,0.0,nan,False
surfMC_5A_sum,0,nan,False
surfMC_global_avg,0.004901961,nan,False
surfMC_global_sum,1,nan,False
surfM_5A_avg,0.0,nan,False
surfM_5A_sum,0,nan,False
surfM_global_avg,0.004901961,nan,False
surfM_global_sum,1,nan,False
Site by Structure,3kky_A.pdb_R21,3kky_A.pdb_R21,True
AA,R,R,True
AAindCodonDiv_5A_avg,0.75175,-0.22524999999999995,False
AAindCodonDiv_5A_sum,3.0069999999999997,-0.9009999999999998,False
AAindCodonDiv_global_avg,0.308019608,0.042583333333333334,False
AAindCodonDiv_global_sum,62.836000000000006,8.687000000000001,False
AAindCodonDiv_res,0.44,0.67,False
AAindElecCharge_5A_avg,1.0285,-0.04999999999999999,False
AAindElecCharge_5A_sum,4.114,-0.2,False
AAindElecCharge_global_avg,-0.14879902,0.05956862745098038,False
AAindElecCharge_global_sum,-30.355,12.151999999999996,False
AAindElecCharge_res,2.897,-2.647,False
AAindMolVol_5A_avg,1.08525,-0.50025,False
AAindMolVol_5A_sum,4.341,-2.001,False
AAindMolVol_global_avg,-0.24397058800000002,0.22196568627450994,False
AAindMolVol_global_sum,-49.77,45.28100000000003,False
AAindMolVol_res,1.5019999999999998,-4.76,False
AAindPolarity_5A_avg,-0.188,-0.14675,False
AAindPolarity_5A_sum,-0.752,-0.5870000000000001,False
AAindPolarity_global_avg,0.046279412,0.07557352941176472,False
AAindPolarity_global_sum,9.441,15.417000000000005,False
AAindPolarity_res,1.538,-0.228,False
AAindSS_5A_avg,-0.31575,-0.053999999999999986,False
AAindSS_5A_sum,-1.263,-0.216,False
AAindSS_global_avg,-0.083990196,-0.20025980392156867,False
AAindSS_global_sum,-17.134,-40.85300000000001,False
AAindSS_res,-0.055,1.399,False
Arg_5A_avg,0.333333333,0,False
Arg_5A_sum,1,1,True
Arg_global_avg,0.034313725,0,False
Arg_global_sum,7,7,True
Arg_res,1,1,True
CA_res,0,0,True
CO_res,0,0,True
CU_res,0,0,True
FE_res,0,0,True
K_res,0,0,True
Lys_5A_avg,0.0,0,True
Lys_5A_sum,0,0,True
Lys_global_avg,0.053921569,0,False
Lys_global_sum,11,11,True
Lys_res,0,0,True
MG_res,0,0,True
MN_res,0,0,True
MO_res,0,0,True
NA_res,0,0,True
NI_res,0,0,True
OHRxnConst_5A_avg,1877500000.0,1877500000,True
OHRxnConst_5A_sum,7510000000,7510000000,True
OHRxnConst_global_avg,2379406863.0,2379406862,False
OHRxnConst_global_sum,485000000000.0,485399000000,False
OHRxnConst_res,3500000000,3500000000,True
Position,21,21.A,False
Pro_5A_avg,0.0,0,True
Pro_5A_sum,0,0,True
Pro_global_avg,0.044117647,0,False
Pro_global_sum,9,9,True
Pro_res,0,0,True
SS_5A_avg,1.0,1,True
SS_5A_sum,4,4,True
SS_global_avg,0.75,0,False
SS_global_sum,153,153,True
SS_res,1,1,True
Thr_5A_avg,0.0,0,True
Thr_5A_sum,0,1,False
Thr_global_avg,0.039215686,0,False
Thr_global_sum,8,8,True
Thr_res,0,0,True
ZN_res,0,0,True
areaSAS_5A_avg,79.63308118,79.62977607606446,False
areaSAS_5A_sum,318.5323247,318.51910430425784,False
areaSAS_global_avg,48.19388903,48.29339646849993,False
areaSAS_global_sum,9831.553362,9851.852879573986,False
areaSAS_res,3.60903573,170.88251745142045,False
circularVariance_res,0.8105927140000001,nan,False
contacts_5A_sum,3,4,False
depth_5A_avg,0.38224714299999996,nan,False
depth_5A_sum,13.37865,nan,False
depth_global_avg,1.485897506,nan,False
depth_global_sum,4676.11945,nan,False
depth_res,0.70001,1.7,False
disordScore_5A_avg,0.0175,nan,False
disordScore_5A_sum,0.07,nan,False
disordScore_global_avg,0.022352941,nan,False
disordScore_global_sum,4.56,nan,False
disordScore_res,0.02,nan,False
disord_5A_avg,0.0,nan,False
disord_5A_sum,0,nan,False
disord_global_avg,0.0,nan,False
disord_global_sum,0,nan,False
disord_res,0,nan,False
helix_5A_avg,1.0,1,True
helix_5A_sum,4,4,True
helix_global_avg,0.637254902,0,False
helix_global_sum,130,130,True
helix_res,1,1,True
hydro_5A_avg,0.775,0.7749999999999999,False
hydro_5A_sum,3.1,3.1,True
hydro_global_avg,-0.46617647100000004,-0.4661764705882355,False
hydro_global_sum,-95.1,-95.10000000000004,False
hydro_res,-4.5,-4.5,True
negCharge_5A_avg,0.0,0,True
negCharge_5A_sum,0,0,True
negCharge_global_avg,-0.12254902,-1,False
negCharge_global_sum,-25,-25,True
netCharge_5A_avg,0.25,0,False
netCharge_5A_sum,1,1,True
netCharge_global_avg,-0.034313725,-1,False
netCharge_global_sum,-7,-7,True
netCharge_res,1,1,True
posCharge_5A_avg,0.25,0,False
posCharge_5A_sum,1,1,True
posCharge_global_avg,0.088235294,0,False
posCharge_global_sum,18,18,True
posCharge_res,1,1,True
protBindDISOPREDscore_5A_avg,0.0,nan,False
protBindDISOPREDscore_5A_sum,0.0,nan,False
protBindDISOPREDscore_global_avg,0.0,nan,False
protBindDISOPREDscore_global_sum,0.0,nan,False
protBindDISOPREDscore_res,0.0,nan,False
protBindSPPIDER_5A_avg,0.75,nan,False
protBindSPPIDER_5A_sum,3,nan,False
protBindSPPIDER_global_avg,0.142156863,nan,False
protBindSPPIDER_global_sum,29,nan,False
protBindSPPIDER_res,1,nan,False
reactivity_5A_avg,0.43264622700000005,0.4326462265,False
reactivity_5A_sum,1.730584906,1.730584906,True
reactivity_global_avg,0.175055145,0.17505514489705876,False
reactivity_global_sum,35.71124956,35.71124955899999,False
reactivity_res,0.900412937,0.900412937,True
sheet_5A_avg,0.0,0,True
sheet_5A_sum,0,0,True
sheet_global_avg,0.112745098,0,False
sheet_global_sum,23,23,True
sheet_res,0,0,True
sumMetals_res,0,nan,False
surfC_5A_avg,0.0,nan,False
surfC_5A_sum,0,nan,False
surfC_global_avg,0.0,nan,False
surfC_global_sum,0,nan,False
surfMC_5A_avg,0.0,nan,False
surfMC_5A_sum,0,nan,False
surfMC_global_avg,0.004901961,nan,False
surfMC_global_sum,1,nan,False
surfM_5A_avg,0.0,nan,False
surfM_5A_sum,0,nan,False
surfM_global_avg,0.004901961,nan,False
surfM_global_sum,1,nan,False
Site by Structure,3kky_A.pdb_R21,3kky_A.pdb_R21,True
AA,T,T,True
AAindCodonDiv_5A_avg,0.6445,-0.76575,False
AAindCodonDiv_5A_sum,2.5780000000000003,-3.063,False
AAindCodonDiv_global_avg,0.308019608,0.042583333333333334,False
AAindCodonDiv_global_sum,62.836000000000006,8.687000000000001,False
AAindCodonDiv_res,0.9079999999999999,0.9079999999999999,True
AAindElecCharge_5A_avg,0.16275,0.96325,False
AAindElecCharge_5A_sum,0.6509999999999999,3.853,False
AAindElecCharge_global_avg,-0.14879902,0.05956862745098038,False
AAindElecCharge_global_sum,-30.355,12.151999999999996,False
AAindElecCharge_res,1.3130000000000002,1.3130000000000002,True
AAindMolVol_5A_avg,0.81525,2.05025,False
AAindMolVol_5A_sum,3.261,8.201,False
AAindMolVol_global_avg,-0.24397058800000002,0.22196568627450994,False
AAindMolVol_global_sum,-49.77,45.28100000000003,False
AAindMolVol_res,2.213,2.213,True
AAindPolarity_5A_avg,-0.532,-0.2575,False
AAindPolarity_5A_sum,-2.128,-1.03,False
AAindPolarity_global_avg,0.046279412,0.07557352941176472,False
AAindPolarity_global_sum,9.441,15.417000000000005,False
AAindPolarity_res,-0.032,-0.032,True
AAindSS_5A_avg,-0.0275,-0.08975,False
AAindSS_5A_sum,-0.11,-0.359,False
AAindSS_global_avg,-0.083990196,-0.20025980392156867,False
AAindSS_global_sum,-17.134,-40.85300000000001,False
AAindSS_res,0.326,0.326,True
Arg_5A_avg,0.0,0,True
Arg_5A_sum,0,0,True
Arg_global_avg,0.034313725,0,False
Arg_global_sum,7,7,True
Arg_res,0,0,True
CA_res,0,0,True
CO_res,0,0,True
CU_res,0,0,True
FE_res,0,0,True
K_res,0,0,True
Lys_5A_avg,0.0,0,True
Lys_5A_sum,0,0,True
Lys_global_avg,0.053921569,0,False
Lys_global_sum,11,11,True
Lys_res,0,0,True
MG_res,0,0,True
MN_res,0,0,True
MO_res,0,0,True
NA_res,0,0,True
NI_res,0,0,True
OHRxnConst_5A_avg,3992500000.0,3992500000,True
OHRxnConst_5A_sum,15970000000,15970000000,True
OHRxnConst_global_avg,2379406863.0,2379406862,False
OHRxnConst_global_sum,485000000000.0,485399000000,False
OHRxnConst_res,510000000,510000000,True
Position,3,3.A,False
Pro_5A_avg,0.0,0,True
Pro_5A_sum,0,0,True
Pro_global_avg,0.044117647,0,False
Pro_global_sum,9,9,True
Pro_res,0,0,True
SS_5A_avg,0.25,0,False
SS_5A_sum,1,1,True
SS_global_avg,0.75,0,False
SS_global_sum,153,153,True
SS_res,0,0,True
Thr_5A_avg,0.333333333,0,False
Thr_5A_sum,1,1,True
Thr_global_avg,0.039215686,0,False
Thr_global_sum,8,8,True
Thr_res,1,1,True
ZN_res,0,0,True
areaSAS_5A_avg,40.95789267,40.61503275856376,False
areaSAS_5A_sum,163.8315707,162.46013103425503,False
areaSAS_global_avg,48.19388903,48.29339646849993,False
areaSAS_global_sum,9831.553362,9851.852879573986,False
areaSAS_res,1.267975211,105.95593109726906,False
circularVariance_res,0.755925003,nan,False
contacts_5A_sum,3,4,False
depth_5A_avg,0.515846,nan,False
depth_5A_sum,12.89615,nan,False
depth_global_avg,1.485897506,nan,False
depth_global_sum,4676.11945,nan,False
depth_res,0.70001,1.7,False
disordScore_5A_avg,0.0175,nan,False
disordScore_5A_sum,0.07,nan,False
disordScore_global_avg,0.022352941,nan,False
disordScore_global_sum,4.56,nan,False
disordScore_res,0.01,nan,False
disord_5A_avg,0.0,nan,False
disord_5A_sum,0,nan,False
disord_global_avg,0.0,nan,False
disord_global_sum,0,nan,False
disord_res,0,nan,False
helix_5A_avg,0.25,0,False
helix_5A_sum,1,1,True
helix_global_avg,0.637254902,0,False
helix_global_sum,130,130,True
helix_res,0,0,True
hydro_5A_avg,1.5,1.5,True
hydro_5A_sum,6.0,6.0,True
hydro_global_avg,-0.46617647100000004,-0.4661764705882355,False
hydro_global_sum,-95.1,-95.10000000000004,False
hydro_res,-0.7,-0.7,True
negCharge_5A_avg,0.0,0,True
negCharge_5A_sum,0,0,True
negCharge_global_avg,-0.12254902,-1,False
negCharge_global_sum,-25,-25,True
netCharge_5A_avg,0.0,0,True
netCharge_5A_sum,0,0,True
netCharge_global_avg,-0.034313725,-1,False
netCharge_global_sum,-7,-7,True
netCharge_res,0,0,True
posCharge_5A_avg,0.0,0,True
posCharge_5A_sum,0,0,True
posCharge_global_avg,0.088235294,0,False
posCharge_global_sum,18,18,True
posCharge_res,0,0,True
protBindDISOPREDscore_5A_avg,0.0,nan,False
protBindDISOPREDscore_5A_sum,0.0,nan,False
protBindDISOPREDscore_global_avg,0.0,nan,False
protBindDISOPREDscore_global_sum,0.0,nan,False
protBindDISOPREDscore_res,0.0,nan,False
protBindSPPIDER_5A_avg,0.25,nan,False
protBindSPPIDER_5A_sum,1,nan,False
protBindSPPIDER_global_avg,0.142156863,nan,False
protBindSPPIDER_global_sum,29,nan,False
protBindSPPIDER_res,1,nan,False
reactivity_5A_avg,0.20754299199999998,0.20754299225,False
reactivity_5A_sum,0.830171969,0.830171969,True
reactivity_global_avg,0.175055145,0.17505514489705876,False
reactivity_global_sum,35.71124956,35.71124955899999,False
reactivity_res,0.830171969,0.830171969,True
sheet_5A_avg,0.0,0,True
sheet_5A_sum,0,0,True
sheet_global_avg,0.112745098,0,False
sheet_global_sum,23,23,True
sheet_res,0,0,True
sumMetals_res,0,nan,False
surfC_5A_avg,0.0,nan,False
surfC_5A_sum,0,nan,False
surfC_global_avg,0.0,nan,False
surfC_global_sum,0,nan,False
surfMC_5A_avg,0.0,nan,False
surfMC_5A_sum,0,nan,False
surfMC_global_avg,0.004901961,nan,False
surfMC_global_sum,1,nan,False
surfM_5A_avg,0.0,nan,False
surfM_5A_sum,0,nan,False
surfM_global_avg,0.004901961,nan,False
surfM_global_sum,1,nan,False
Site by Structure,3kky_A.pdb_T3,3kky_A.pdb_T3,True
AA,T,T,True
AAindCodonDiv_5A_avg,0.6445,-0.76575,False
AAindCodonDiv_5A_sum,2.5780000000000003,-3.063,False
AAindCodonDiv_global_avg,0.308019608,0.042583333333333334,False
AAindCodonDiv_global_sum,62.836000000000006,8.687000000000001,False
AAindCodonDiv_res,0.9079999999999999,0.9079999999999999,True
AAindElecCharge_5A_avg,0.16275,0.96325,False
AAindElecCharge_5A_sum,0.6509999999999999,3.853,False
AAindElecCharge_global_avg,-0.14879902,0.05956862745098038,False
AAindElecCharge_global_sum,-30.355,12.151999999999996,False
AAindElecCharge_res,1.3130000000000002,1.3130000000000002,True
AAindMolVol_5A_avg,0.81525,2.05025,False
AAindMolVol_5A_sum,3.261,8.201,False
AAindMolVol_global_avg,-0.24397058800000002,0.22196568627450994,False
AAindMolVol_global_sum,-49.77,45.28100000000003,False
AAindMolVol_res,2.213,2.213,True
AAindPolarity_5A_avg,-0.532,-0.2575,False
AAindPolarity_5A_sum,-2.128,-1.03,False
AAindPolarity_global_avg,0.046279412,0.07557352941176472,False
AAindPolarity_global_sum,9.441,15.417000000000005,False
AAindPolarity_res,-0.032,-0.032,True
AAindSS_5A_avg,-0.0275,-0.08975,False
AAindSS_5A_sum,-0.11,-0.359,False
AAindSS_global_avg,-0.083990196,-0.20025980392156867,False
AAindSS_global_sum,-17.134,-40.85300000000001,False
AAindSS_res,0.326,0.326,True
Arg_5A_avg,0.0,0,True
Arg_5A_sum,0,0,True
Arg_global_avg,0.034313725,0,False
Arg_global_sum,7,7,True
Arg_res,0,0,True
CA_res,0,0,True
CO_res,0,0,True
CU_res,0,0,True
FE_res,0,0,True
K_res,0,0,True
Lys_5A_avg,0.0,0,True
Lys_5A_sum,0,0,True
Lys_global_avg,0.053921569,0,False
Lys_global_sum,11,11,True
Lys_res,0,0,True
MG_res,0,0,True
MN_res,0,0,True
MO_res,0,0,True
NA_res,0,0,True
NI_res,0,0,True
OHRxnConst_5A_avg,3992500000.0,3992500000,True
OHRxnConst_5A_sum,15970000000,15970000000,True
OHRxnConst_global_avg,2379406863.0,2379406862,False
OHRxnConst_global_sum,485000000000.0,485399000000,False
OHRxnConst_res,510000000,510000000,True
Position,3,3.A,False
Pro_5A_avg,0.0,0,True
Pro_5A_sum,0,0,True
Pro_global_avg,0.044117647,0,False
Pro_global_sum,9,9,True
Pro_res,0,0,True
SS_5A_avg,0.25,0,False
SS_5A_sum,1,1,True
SS_global_avg,0.75,0,False
SS_global_sum,153,153,True
SS_res,0,0,True
Thr_5A_avg,0.333333333,0,False
Thr_5A_sum,1,1,True
Thr_global_avg,0.039215686,0,False
Thr_global_sum,8,8,True
Thr_res,1,1,True
ZN_res,0,0,True
areaSAS_5A_avg,40.95789267,40.61503275856376,False
areaSAS_5A_sum,163.8315707,162.46013103425503,False
areaSAS_global_avg,48.19388903,48.29339646849993,False
areaSAS_global_sum,9831.553362,9851.852879573986,False
areaSAS_res,1.267975211,105.95593109726906,False
circularVariance_res,0.755925003,nan,False
contacts_5A_sum,3,4,False
depth_5A_avg,0.515846,nan,False
depth_5A_sum,12.89615,nan,False
depth_global_avg,1.485897506,nan,False
depth_global_sum,4676.11945,nan,False
depth_res,0.70001,1.7,False
disordScore_5A_avg,0.0175,nan,False
disordScore_5A_sum,0.07,nan,False
disordScore_global_avg,0.022352941,nan,False
disordScore_global_sum,4.56,nan,False
disordScore_res,0.01,nan,False
disord_5A_avg,0.0,nan,False
disord_5A_sum,0,nan,False
disord_global_avg,0.0,nan,False
disord_global_sum,0,nan,False
disord_res,0,nan,False
helix_5A_avg,0.25,0,False
helix_5A_sum,1,1,True
helix_global_avg,0.637254902,0,False
helix_global_sum,130,130,True
helix_res,0,0,True
hydro_5A_avg,1.5,1.5,True
hydro_5A_sum,6.0,6.0,True
hydro_global_avg,-0.46617647100000004,-0.4661764705882355,False
hydro_global_sum,-95.1,-95.10000000000004,False
hydro_res,-0.7,-0.7,True
negCharge_5A_avg,0.0,0,True
negCharge_5A_sum,0,0,True
negCharge_global_avg,-0.12254902,-1,False
negCharge_global_sum,-25,-25,True
netCharge_5A_avg,0.0,0,True
netCharge_5A_sum,0,0,True
netCharge_global_avg,-0.034313725,-1,False
netCharge_global_sum,-7,-7,True
netCharge_res,0,0,True
posCharge_5A_avg,0.0,0,True
posCharge_5A_sum,0,0,True
posCharge_global_avg,0.088235294,0,False
posCharge_global_sum,18,18,True
posCharge_res,0,0,True
protBindDISOPREDscore_5A_avg,0.0,nan,False
protBindDISOPREDscore_5A_sum,0.0,nan,False
protBindDISOPREDscore_global_avg,0.0,nan,False
protBindDISOPREDscore_global_sum,0.0,nan,False
protBindDISOPREDscore_res,0.0,nan,False
protBindSPPIDER_5A_avg,0.25,nan,False
protBindSPPIDER_5A_sum,1,nan,False
protBindSPPIDER_global_avg,0.142156863,nan,False
protBindSPPIDER_global_sum,29,nan,False
protBindSPPIDER_res,1,nan,False
reactivity_5A_avg,0.20754299199999998,0.20754299225,False
reactivity_5A_sum,0.830171969,0.830171969,True
reactivity_global_avg,0.175055145,0.17505514489705876,False
reactivity_global_sum,35.71124956,35.71124955899999,False
reactivity_res,0.830171969,0.830171969,True
sheet_5A_avg,0.0,0,True
sheet_5A_sum,0,0,True
sheet_global_avg,0.112745098,0,False
sheet_global_sum,23,23,True
sheet_res,0,0,True
sumMetals_res,0,nan,False
surfC_5A_avg,0.0,nan,False
surfC_5A_sum,0,nan,False
surfC_global_avg,0.0,nan,False
surfC_global_sum,0,nan,False
surfMC_5A_avg,0.0,nan,False
surfMC_5A_sum,0,nan,False
surfMC_global_avg,0.004901961,nan,False
surfMC_global_sum,1,nan,False
surfM_5A_avg,0.0,nan,False
surfM_5A_sum,0,nan,False
surfM_global_avg,0.004901961,nan,False
surfM_global_sum,1,nan,False
Site by Structure,3kky_A.pdb_T3,3kky_A.pdb_T3,True
